Date,Pred,Ret,Strategy_Ret,Correct
2023-06-01,0,0.01601855426947596,0.0,False
2023-06-02,0,-0.0064023326039167605,-0.0,True
2023-06-03,0,0.001622799291266075,0.0,False
2023-06-04,0,-0.05011119223804861,-0.0,True
2023-06-05,0,0.057402171630208665,0.0,False
2023-06-06,0,-0.03277624957004588,-0.0,True
2023-06-07,0,0.0061572444403654725,0.0,False
2023-06-08,0,-0.0010503081775867784,-0.0,True
2023-06-09,0,-0.02375852931180167,-0.0,True
2023-06-10,0,0.0034399794195076883,0.0,False
2023-06-11,0,-0.001452109670044499,-0.0,True
2023-06-12,0,0.0006265231396582749,0.0,False
2023-06-13,0,-0.030636253390914137,-0.0,True
2023-06-14,0,0.017979087727655774,0.0,False
2023-06-15,0,0.029365685552642073,0.0,False
2023-06-16,0,0.006959002900740696,0.0,False
2023-06-17,0,-0.006580854145875503,-0.0,True
2023-06-18,0,0.019547852547670663,0.0,False
2023-06-19,0,0.05498705349618893,0.0,False
2023-06-20,0,0.06000562340273241,0.0,False
2023-06-21,0,-0.0038303689299371557,-0.0,True
2023-06-22,0,0.02618280743799839,0.0,False
2023-06-23,0,-0.0047815994828226405,-0.0,True
2023-06-24,0,-0.002240147837737516,-0.0,True
2023-06-25,0,-0.006861189753050945,-0.0,True
2023-06-26,0,0.013776598074988877,0.0,False
2023-06-27,0,-0.01961401038928634,-0.0,True
2023-06-28,0,0.011935868224670187,0.0,False
2023-06-29,0,0.0010477918298796851,0.0,False
2023-06-30,0,0.0037019798257575953,0.0,False
2023-07-01,0,0.0010033124506771962,0.0,False
2023-07-02,0,0.01749367929268808,0.0,False
2023-07-03,0,-0.012159843310882601,-0.0,True
2023-07-04,0,-0.0085586975402272,-0.0,True
2023-07-05,0,-0.019821224171432172,-0.0,True
2023-07-06,0,0.014474667943441766,0.0,False
2023-07-07,0,-0.0016387902600796256,-0.0,True
2023-07-08,0,-0.004004505286051452,-0.0,True
2023-07-09,0,0.008061862007427312,0.0,False
2023-07-10,0,0.006788889103658935,0.0,False
2023-07-11,0,-0.007488490028050299,-0.0,True
2023-07-12,0,0.03568093437476372,0.0,False
2023-07-13,0,-0.036280934592069825,-0.0,True
2023-07-14,0,-0.001261344778969442,-0.0,True
2023-07-15,0,-0.001540603578530031,-0.0,True
2023-07-16,0,-0.0034131272874816654,-0.0,True
2023-07-17,0,-0.009597533349379406,-0.0,True
2023-07-18,0,0.0019212301525000086,0.0,False
2023-07-19,0,-0.0040752996439197275,-0.0,True
2023-07-20,0,0.0039181140710413676,0.0,False
2023-07-21,0,-0.004578641136054662,-0.0,True
2023-07-22,0,0.010504447141318263,0.0,False
2023-07-23,0,-0.03016908602087709,-0.0,True
2023-07-24,0,0.0017299501204297574,0.0,False
2023-07-25,0,0.004365152978824893,0.0,False
2023-07-26,0,-0.004915119656712763,-0.0,True
2023-07-27,0,0.0037163327075591113,0.0,False
2023-07-28,0,0.001284885528077373,0.0,False
2023-07-29,0,-0.002779902682116475,-0.0,True
2023-07-30,0,-0.0015438698273756435,-0.0,True
2023-07-31,0,0.015245275282999904,0.0,False
2023-08-01,0,-0.01764989082843693,-0.0,True
2023-08-02,0,0.0009166006009861949,0.0,False
2023-08-03,0,-0.0035843942133476636,-0.0,True
2023-08-04,0,-0.0010994270766331304,-0.0,True
2023-08-05,0,-9.347950838400898e-06,-0.0,True
2023-08-06,0,0.004776645775930843,0.0,False
2023-08-07,0,0.020044635853149417,0.0,False
2023-08-08,0,-0.006853508270246889,-0.0,True
2023-08-09,0,-0.004461964714047806,-0.0,True
2023-08-10,0,-0.001083159880198692,-0.0,True
2023-08-11,0,0.0006207965516027425,0.0,False
2023-08-12,0,-0.004523080645381872,-0.0,True
2023-08-13,0,0.004286776125049352,0.0,False
2023-08-14,0,-0.008096168172366025,-0.0,True
2023-08-15,0,-0.016063173634291772,-0.0,True
2023-08-16,0,-0.07097917151940503,-0.0,True
2023-08-17,0,-0.02306411031148714,-0.0,True
2023-08-18,0,0.0017907574452629138,0.0,False
2023-08-19,0,0.00357825614760654,0.0,False
2023-08-20,0,-0.002498831574187843,-0.0,True
2023-08-21,0,-0.0035401882238949023,-0.0,True
2023-08-22,0,0.015365306423789304,0.0,False
2023-08-23,0,-0.01018731988472621,-0.0,True
2023-08-24,0,-0.004384352975912553,-0.0,True
2023-08-25,0,-0.0015051281432193475,-0.0,True
2023-08-26,0,0.0031232321991347956,0.0,False
2023-08-27,0,0.0006307866874213364,0.0,False
2023-08-28,0,0.062101924766441385,0.0,False
2023-08-29,0,-0.015512708305083889,-0.0,True
2023-08-30,0,-0.0500340578984273,-0.0,True
2023-08-31,0,-0.005042060225742162,-0.0,True
2023-09-01,0,0.0026384615075991658,0.0,False
2023-09-02,0,0.0038953327054152,0.0,False
2023-09-03,0,-0.006051329012069284,-0.0,True
2023-09-04,0,-0.0012565113521479931,-0.0,True
2023-09-05,0,-0.0010374752516241204,-0.0,True
2023-09-06,0,0.018908652030005024,0.0,False
2023-09-07,0,-0.012749181613965876,-0.0,True
2023-09-08,0,-0.0003851113886439439,-0.0,True
2023-09-09,0,-0.0024502611024840304,-0.0,True
2023-09-10,0,-0.02592003689674205,-0.0,True
2023-09-11,0,0.026654161568650414,0.0,False
2023-09-12,0,0.01528956036711282,0.0,False
2023-09-13,0,0.011870739692642074,0.0,False
2023-09-14,0,0.0026006171627044328,0.0,False
2023-09-15,0,-0.001518755875352329,-0.0,True
2023-09-16,0,-0.0012832501161511578,-0.0,True
2023-09-17,0,0.008294723552398242,0.0,False
2023-09-18,0,0.017075246134672373,0.0,False
2023-09-19,0,-0.00290724465500225,-0.0,True
2023-09-20,0,-0.02080107760178318,-0.0,True
2023-09-21,0,0.0004492514240630463,0.0,False
2023-09-22,0,-6.686879658768241e-06,-0.0,True
2023-09-23,0,-0.01213588594546644,-0.0,True
2023-09-24,0,0.0015864178176880905,0.0,False
2023-09-25,0,-0.0030887894396227633,-0.0,True
2023-09-26,0,0.005167086436411061,0.0,False
2023-09-27,0,0.02537992888096885,0.0,False
2023-09-28,0,-0.004064392478456136,-0.0,True
2023-09-29,0,0.0020881352448591795,0.0,False
2023-09-30,0,0.037668241913332734,0.0,False
2023-10-01,0,-0.016186709920936293,-0.0,True
2023-10-02,0,-0.003661597010505724,-0.0,True
2023-10-03,0,0.013467601347721292,0.0,False
2023-10-04,0,-0.01379463216164356,-0.0,True
2023-10-05,0,0.01935684447622399,0.0,False
2023-10-06,0,0.0007958817661306572,0.0,False
2023-10-07,0,-0.001206700034343422,-0.0,True
2023-10-08,0,-0.012579594744121514,-0.0,True
2023-10-09,0,-0.006984500217130485,-0.0,True
2023-10-10,0,-0.018900326735168282,-0.0,True
2023-10-11,0,-0.0043359541366684295,-0.0,True
2023-10-12,0,0.003945769916393171,0.0,False
2023-10-13,0,-2.4866332556272575e-05,-0.0,True
2023-10-14,0,0.011091823470242623,0.0,False
2023-10-15,0,0.05006744695824206,0.0,False
2023-10-16,0,-0.0036367703063566736,-0.0,True
2023-10-17,0,-0.0030759792019486865,-0.0,True
2023-10-18,0,0.013818840741083749,0.0,False
2023-10-19,0,0.033535830870205396,0.0,False
2023-10-20,0,0.007932597562652743,0.0,False
2023-10-21,0,0.002523007395046406,0.0,False
2023-10-22,0,0.10309890521346299,0.0,False
2023-10-23,0,0.02464145540134477,0.0,False
2023-10-24,0,0.017736456610143003,0.0,False
2023-10-25,0,-0.010033147199696724,-0.0,True
2023-10-26,0,-0.007226928505637331,-0.0,True
2023-10-27,0,0.005301518539129857,0.0,False
2023-10-28,0,0.013168432293093613,0.0,False
2023-10-29,0,-0.0010457086417764438,-0.0,True
2023-10-30,0,0.004794395311462418,0.0,False
2023-10-31,0,0.022195613001625203,0.0,False
2023-11-01,0,-0.014081557224217889,-0.0,True
2023-11-02,0,-0.005893770145759425,-0.0,True
2023-11-03,0,0.010073356782761111,0.0,False
2023-11-04,0,-0.0009360829177728069,-0.0,True
2023-11-05,0,-0.0003419285416157436,-0.0,True
2023-11-06,0,0.011593090279608864,0.0,False
2023-11-07,0,0.005973294692089626,0.0,False
2023-11-08,0,0.029107827327892632,0.0,False
2023-11-09,0,0.01691989303173269,0.0,False
2023-11-10,0,-0.0047145338500075296,-0.0,True
2023-11-11,0,-0.002249209321512735,-0.0,True
2023-11-12,0,-0.014901395821212304,-0.0,True
2023-11-13,0,-0.026428838121854925,-0.0,True
2023-11-14,0,0.06592844558740318,0.0,False
2023-11-15,0,-0.04555929205565723,-0.0,True
2023-11-16,0,0.012222842746045792,0.0,False
2023-11-17,0,-0.000300039994658885,-0.0,True
2023-11-18,0,0.021889527372586093,0.0,False
2023-11-19,0,0.0024182537251242753,0.0,False
2023-11-20,0,-0.04437779006078835,-0.0,True
2023-11-21,0,0.045192824521265385,0.0,False
2023-11-22,0,-0.003812712499291715,-0.0,True
2023-11-23,0,0.011549062275727495,0.0,False
2023-11-24,0,0.0020283973558654633,0.0,False
2023-11-25,0,-0.008404730932136117,-0.0,True
2023-11-26,0,-0.006002091789647501,-0.0,True
2023-11-27,0,0.01548599794884531,0.0,False
2023-11-28,0,0.0007244373065387055,0.0,False
2023-11-29,0,-0.0038497596002547985,-0.0,True
2023-11-30,0,0.025879947957747618,0.0,False
2023-12-01,0,0.020356874575942596,0.0,False
2023-12-02,0,0.012717964611113297,0.0,False
2023-12-03,0,0.05006972516793251,0.0,False
2023-12-04,0,0.05003682455553493,0.0,False
2023-12-05,0,-0.007581629055975703,-0.0,True
2023-12-06,0,-0.010372985662227885,-0.0,True
2023-12-07,0,0.02018673414826888,0.0,False
2023-12-08,0,-0.009976252913108663,-0.0,True
2023-12-09,0,0.0012284421841561866,0.0,False
2023-12-10,0,-0.05792335792051162,-0.0,True
2023-12-11,0,0.005004157345118276,0.0,False
2023-12-12,0,0.03475299863154757,0.0,False
2023-12-13,0,0.0031062756659134827,0.0,False
2023-12-14,0,-0.025432678020983368,-0.0,True
2023-12-15,0,0.007401888090740938,0.0,False
2023-12-16,0,-0.02072563201266564,-0.0,True
2023-12-17,0,0.030433584522719714,0.0,False
2023-12-18,0,-0.008282083715112631,-0.0,True
2023-12-19,0,0.032687613405284255,0.0,False
2023-12-20,0,0.0049688697318006625,0.0,False
2023-12-21,1,0.002934864092908329,0.002934864092908329,True
2023-12-22,0,-0.005872083923035065,-0.0,True
2023-12-23,1,-0.01653939964043194,-0.01653939964043194,False
2023-12-24,0,0.013879063861056418,0.0,False
2023-12-25,0,-0.025055253200995553,-0.0,True
2023-12-26,0,0.021694364920222586,0.0,False
2023-12-27,0,-0.01876027694786908,-0.0,True
2023-12-28,0,-0.012396896798793966,-0.0,True
2023-12-29,0,0.0013658151137276864,0.0,False
2023-12-30,0,0.002568622223877659,0.0,False
2023-12-31,0,0.0450049945064126,0.0,False
2024-01-01,1,0.017900939051301412,0.017900939051301412,True
2024-01-02,0,-0.04692812036242189,-0.0,True
2024-01-03,1,0.03108057856532498,0.03108057856532498,True
2024-01-04,0,-0.0003900067727314882,-0.0,True
2024-01-05,1,-0.003928567037593367,-0.003928567037593367,False
2024-01-06,0,-0.0010479313368322307,-0.0,True
2024-01-07,0,0.06889378335779228,0.0,False
2024-01-08,1,-0.017687130611972357,-0.017687130611972357,False
2024-01-09,1,0.010577584004972662,0.010577584004972662,True
2024-01-10,0,-0.005558733892443213,-0.0,True
2024-01-11,1,-0.07581464687080208,-0.07581464687080208,False
2024-01-12,0,-0.0002516769882185965,-0.0,True
2024-01-13,0,-0.0244177193838242,-0.0,True
2024-01-14,0,0.01712351907901466,0.0,False
2024-01-15,0,0.015124600939588229,0.0,False
2024-01-16,0,-0.009553782672285682,-0.0,True
2024-01-17,1,-0.034639725632667706,-0.034639725632667706,False
2024-01-18,0,0.00863620644230223,0.0,False
2024-01-19,0,0.0011336255217606617,0.0,False
2024-01-20,1,-0.0028752933279206916,-0.0028752933279206916,False
2024-01-21,0,-0.049064374667218136,-0.0,True
2024-01-22,0,0.008560013431039293,0.0,False
2024-01-23,0,0.005810521700930993,0.0,False
2024-01-24,0,-0.0035747525934159974,-0.0,True
2024-01-25,0,0.04715459322091098,0.0,False
2024-01-26,0,0.007250269707417489,0.0,False
2024-01-27,1,-0.002005242826170095,-0.002005242826170095,False
2024-01-28,0,0.029799801358818767,0.0,False
2024-01-29,0,-0.007753530092744043,-0.0,True
2024-01-30,1,-0.00861423582021903,-0.00861423582021903,False
2024-01-31,0,0.011581441842771323,0.0,False
2024-02-01,0,0.0025556346111748063,0.0,False
2024-02-02,0,-0.0044831659668692625,-0.0,True
2024-02-03,0,-0.009505619472114146,-0.0,True
2024-02-04,0,0.0017632602500394778,0.0,False
2024-02-05,0,0.009986338686479135,0.0,False
2024-02-06,0,0.028630850081180936,0.0,False
2024-02-07,0,0.022188248784866804,0.0,False
2024-02-08,0,0.040741037427910465,0.0,False
2024-02-09,1,0.013236801662479536,0.013236801662479536,True
2024-02-10,1,0.010940478338881565,0.010940478338881565,True
2024-02-11,1,0.034461993507690414,0.034461993507690414,True
2024-02-12,1,-0.004319233922406296,-0.004319233922406296,False
2024-02-13,0,0.041900916949929146,0.0,False
2024-02-14,1,0.0021583350882306007,0.0021583350882306007,True
2024-02-15,1,0.004267512618200353,0.004267512618200353,True
2024-02-16,0,-0.009532306269177337,-0.0,True
2024-02-17,0,0.008895163192163213,0.0,False
2024-02-18,1,-0.006588364620277343,-0.006588364620277343,False
2024-02-19,0,0.009767068832988945,0.0,False
2024-02-20,0,-0.008524364120598982,-0.0,True
2024-02-21,1,-0.010305082651198116,-0.010305082651198116,False
2024-02-22,0,-0.011168964874795462,-0.0,True
2024-02-23,0,0.016540904827679226,0.0,False
2024-02-24,1,0.003143945229742817,0.003143945229742817,True
2024-02-25,1,0.053914352844811164,0.053914352844811164,True
2024-02-26,0,0.04700762695380023,0.0,False
2024-02-27,0,0.09493531994124749,0.0,False
2024-02-28,0,-0.020900898468654838,-0.0,True
2024-02-29,0,0.020298739001094468,0.0,False
2024-03-01,0,-0.006578811548619723,-0.0,True
2024-03-02,1,0.01833832389535761,0.01833832389535761,True
2024-03-03,1,0.08173591649219114,0.08173591649219114,True
2024-03-04,0,-0.06628402455760396,-0.0,True
2024-03-05,1,0.03613733749494208,0.03613733749494208,True
2024-03-06,0,0.012384196927533564,0.0,False
2024-03-07,0,0.020539401213709896,0.0,False
2024-03-08,0,0.0029105240064184468,0.0,False
2024-03-09,0,0.007604594828588107,0.0,False
2024-03-10,1,0.04497430707429584,0.04497430707429584,True
2024-03-11,1,-0.008909905479502545,-0.008909905479502545,False
2024-03-12,1,0.022414410239567806,0.022414410239567806,True
2024-03-13,1,-0.0230819028918976,-0.0230819028918976,False
2024-03-14,0,-0.027911980219644583,-0.0,True
2024-03-15,1,-0.05891115205258901,-0.05891115205258901,False
2024-03-16,0,0.04708722796395115,0.0,False
2024-03-17,0,-0.0123120859035869,-0.0,True
2024-03-18,1,-0.08343356981432348,-0.08343356981432348,False
2024-03-19,0,0.09692504638897836,0.0,False
2024-03-20,0,-0.03566706353999505,-0.0,True
2024-03-21,0,-0.02615044343853401,-0.0,True
2024-03-22,0,0.004444134671348854,0.0,False
2024-03-23,0,0.04951388799118828,0.0,False
2024-03-24,1,0.04052464020923141,0.04052464020923141,True
2024-03-25,1,0.00041486463910467286,0.00041486463910467286,True
2024-03-26,0,-0.007608353371227561,-0.0,True
2024-03-27,0,0.018567460837021654,0.0,False
2024-03-28,1,-0.01204502883045766,-0.01204502883045766,False
2024-03-29,0,-0.0035414711944022903,-0.0,True
2024-03-30,0,0.02424203264779501,0.0,False
2024-03-31,1,-0.022871394296192005,-0.022871394296192005,False
2024-04-01,0,-0.061047985989492126,-0.0,True
2024-04-02,0,0.008156830210526378,0.0,False
2024-04-03,1,0.038314642609167615,0.038314642609167615,True
2024-04-04,1,-0.009797320875087778,-0.009797320875087778,False
2024-04-05,0,0.015602971156545964,0.0,False
2024-04-06,0,0.006770270726916605,0.0,False
2024-04-07,1,0.03270935878474601,0.03270935878474601,True
2024-04-08,1,-0.03479403115822832,-0.03479403115822832,False
2024-04-09,0,0.0209558550176423,0.0,False
2024-04-10,0,-0.007469744331340511,-0.0,True
2024-04-11,0,-0.04088948430588779,-0.0,True
2024-04-12,0,-0.05021729270691988,-0.0,True
2024-04-13,0,0.03004089104268326,0.0,False
2024-04-14,1,-0.03517737178558533,-0.03517737178558533,False
2024-04-15,1,0.006080330797783695,0.006080330797783695,True
2024-04-16,0,-0.03972884891052719,-0.0,True
2024-04-17,1,0.03649124077498622,0.03649124077498622,True
2024-04-18,1,0.005208661031110617,0.005208661031110617,True
2024-04-19,1,0.018026421268684478,0.018026421268684478,True
2024-04-20,0,-0.0010431180502996629,-0.0,True
2024-04-21,1,0.029433758205850147,0.029433758205850147,True
2024-04-22,1,-0.006439574982440521,-0.006439574982440521,False
2024-04-23,0,-0.03208044676017341,-0.0,True
2024-04-24,0,0.0031863484195515657,0.0,False
2024-04-25,0,-0.011265004482557628,-0.0,True
2024-04-26,1,-0.005272966802647994,-0.005272966802647994,False
2024-04-27,0,-0.004823625063903991,-0.0,True
2024-04-28,0,0.011533090916022948,0.0,False
2024-04-29,1,-0.050191249309274655,-0.050191249309274655,False
2024-04-30,1,-0.03929695449375714,-0.03929695449375714,False
2024-05-01,0,0.014924669552331737,0.0,False
2024-05-02,0,0.06370405294167747,0.0,False
2024-05-03,1,0.015926845790239064,0.015926845790239064,True
2024-05-04,0,0.002185896653241981,0.0,False
2024-05-05,0,-0.013574390387488533,-0.0,True
2024-05-06,0,-0.01309542885757653,-0.0,True
2024-05-07,0,-0.018398626419713127,-0.0,True
2024-05-08,0,0.03043115176709965,0.0,False
2024-05-09,0,-0.035799920573900024,-0.0,True
2024-05-10,0,1.5356984674586016e-05,0.0,False
2024-05-11,0,0.010768936188532141,0.0,False
2024-05-12,0,0.023646747788683697,0.0,False
2024-05-13,0,-0.02144084393922019,-0.0,True
2024-05-14,1,0.07659609250545496,0.07659609250545496,True
2024-05-15,0,-0.01563225228621834,-0.0,True
2024-05-16,0,0.02790508695432159,0.0,False
2024-05-17,0,-0.0016564833198177142,-0.0,True
2024-05-18,0,-0.009895869986810912,-0.0,True
2024-05-19,0,0.07800174241430358,0.0,False
2024-05-20,0,-0.018358253231772315,-0.0,True
2024-05-21,0,-0.01446030042296964,-0.0,True
2024-05-22,0,-0.017255976976508713,-0.0,True
2024-05-23,1,0.008781729788116976,0.008781729788116976,True
2024-05-24,0,0.010796524727518797,0.0,False
2024-05-25,0,-0.010796814497022966,-0.0,True
2024-05-26,0,0.012791671360530277,0.0,False
2024-05-27,0,-0.015827408107827234,-0.0,True
2024-05-28,1,-0.01051485738366742,-0.01051485738366742,False
2024-05-29,0,0.011644282841286824,0.0,False
2024-05-30,0,-0.012778150001159894,-0.0,True
2024-05-31,1,0.0031933460054698326,0.0031933460054698326,True
2024-06-01,0,0.0006596674454519835,0.0,False
2024-06-02,0,0.015544720172089965,0.0,False
2024-06-03,0,0.025622992224831664,0.0,False
2024-06-04,1,0.007298724608017615,0.007298724608017615,True
2024-06-05,0,-0.004581363662391591,-0.0,True
2024-06-06,0,-0.01999201273457618,-0.0,True
2024-06-07,1,-0.0005308786729295578,-0.0005308786729295578,False
2024-06-08,0,0.00493781012787653,0.0,False
2024-06-09,0,-0.0019485261992140401,-0.0,True
2024-06-10,0,-0.03136496113771259,-0.0,True
2024-06-11,0,0.013502581655740586,0.0,False
2024-06-12,1,-0.021757960505889518,-0.021757960505889518,False
2024-06-13,1,-0.011164543099157487,-0.011164543099157487,False
2024-06-14,0,0.0027253941690672523,0.0,False
2024-06-15,0,0.006768999939568809,0.0,False
2024-06-16,1,-0.0022321747830370553,-0.0022321747830370553,False
2024-06-17,0,-0.02029695827328193,-0.0,True
2024-06-18,0,-0.0027701435671353414,-0.0,True
2024-06-19,1,-0.00202647819256907,-0.00202647819256907,False
2024-06-20,1,-0.011298352821403679,-0.011298352821403679,False
2024-06-21,0,0.0024397531859308152,0.0,False
2024-06-22,0,-0.01668075089399379,-0.0,True
2024-06-23,1,-0.04595356431233677,-0.04595356431233677,False
2024-06-24,0,0.025336630415439876,0.0,False
2024-06-25,1,-0.016072632592061153,-0.016072632592061153,False
2024-06-26,1,0.013048951973404943,0.013048951973404943,True
2024-06-27,0,-0.020853310881755127,-0.0,True
2024-06-28,0,0.009403861104374522,0.0,False
2024-06-29,0,0.029413551620566913,0.0,False
2024-06-30,1,0.002771094932125795,0.002771094932125795,True
2024-07-01,0,-0.013093697885290578,-0.0,True
2024-07-02,0,-0.02990687070088416,-0.0,True
2024-07-03,1,-0.05311634426354228,-0.05311634426354228,False
2024-07-04,0,-0.005534237213954074,-0.0,True
2024-07-05,0,0.02896391234041995,0.0,False
2024-07-06,0,-0.042097439142912196,-0.0,True
2024-07-07,0,0.015326802715911692,0.0,False
2024-07-08,0,0.02299844211812685,0.0,False
2024-07-09,0,-0.004598069730556098,-0.0,True
2024-07-10,0,-0.006885432015347748,-0.0,True
2024-07-11,1,0.009670444019596935,0.009670444019596935,True
2024-07-12,0,0.023013827240820017,0.0,False
2024-07-13,0,0.026266900915231206,0.0,False
2024-07-14,0,0.06715755212726138,0.0,False
2024-07-15,0,0.003499237870556282,0.0,False
2024-07-16,0,-0.01502916014346345,-0.0,True
2024-07-17,0,-0.0022571629283560934,-0.0,True
2024-07-18,1,0.042768734230136385,0.042768734230136385,True
2024-07-19,0,0.0067979482134701286,0.0,False
2024-07-20,0,0.014753144342986024,0.0,False
2024-07-21,0,-0.00835268752223095,-0.0,True
2024-07-22,0,-0.02452573786440093,-0.0,True
2024-07-23,0,-0.008426492953570563,-0.0,True
2024-07-24,0,0.00619673448871394,0.0,False
2024-07-25,0,0.032455548053117234,0.0,False
2024-07-26,0,-0.0014537411892032726,-0.0,True
2024-07-27,0,0.006525726007755361,0.0,False
2024-07-28,0,-0.021037797689324123,-0.0,True
2024-07-29,0,-0.009262185475442442,-0.0,True
2024-07-30,0,-0.023893373992326827,-0.0,True
2024-07-31,1,0.011424614182306447,0.011424614182306447,True
2024-08-01,0,-0.06032105869640059,-0.0,True
2024-08-02,0,-0.011967302150066583,-0.0,True
2024-08-03,0,-0.04223983565450573,-0.0,True
2024-08-04,0,-0.07098647891315102,-0.0,True
2024-08-05,0,0.03783671505322772,0.0,False
2024-08-06,1,-0.017968550940289485,-0.017968550940289485,False
2024-08-07,0,0.12144256099404904,0.0,False
2024-08-08,0,-0.013450358103773374,-0.0,True
2024-08-09,1,0.001079157301276501,0.001079157301276501,True
2024-08-10,0,-0.036529632368097475,-0.0,True
2024-08-11,1,0.010814659848586317,0.010814659848586317,True
2024-08-12,0,0.021144992390795814,0.0,False
2024-08-13,1,-0.0308911115194338,-0.0308911115194338,False
2024-08-14,0,-0.020041310813293967,-0.0,True
2024-08-15,0,0.023175912946963972,0.0,False
2024-08-16,0,0.00993082725079053,0.0,False
2024-08-17,0,-0.016728732324455264,-0.0,True
2024-08-18,0,0.01726094125025579,0.0,False
2024-08-19,0,-0.008079210921579816,-0.0,True
2024-08-20,0,0.03664287570061453,0.0,False
2024-08-21,0,-0.012967304646127387,-0.0,True
2024-08-22,0,0.061482671821355916,0.0,False
2024-08-23,0,0.0013205019089592707,0.0,False
2024-08-24,0,0.0024081210374646833,0.0,False
2024-08-25,0,-0.022583597070127692,-0.0,True
2024-08-26,1,-0.05369739018896724,-0.05369739018896724,False
2024-08-27,0,-0.00800797843742207,-0.0,True
2024-08-28,1,0.006108236397788236,0.006108236397788236,True
2024-08-29,0,-0.004524521990973862,-0.0,True
2024-08-30,0,-0.002530098940268344,-0.0,True
2024-08-31,0,-0.027885585694078285,-0.0,True
2024-09-01,0,0.031172733823612075,0.0,False
2024-09-02,1,-0.02844504270361159,-0.02844504270361159,False
2024-09-03,0,0.00941156177702851,0.0,False
2024-09-04,0,-0.031240343288065575,-0.0,True
2024-09-05,1,-0.03938239218868078,-0.03938239218868078,False
2024-09-06,0,0.003539165966313096,0.0,False
2024-09-07,1,0.012964221602682846,0.012964221602682846,True
2024-09-08,0,0.039713831911113884,0.0,False
2024-09-09,0,0.011034389872275785,0.0,False
2024-09-10,0,-0.005300015516934153,-0.0,True
2024-09-11,0,0.013669279499548104,0.0,False
2024-09-12,1,0.04205082955798245,0.04205082955798245,True
2024-09-13,0,-0.00934732588201681,-0.0,True
2024-09-14,0,-0.013703582981947293,-0.0,True
2024-09-15,0,-0.016733367188517922,-0.0,True
2024-09-16,0,0.0363626062794542,0.0,False
2024-09-17,0,0.02223798894564699,0.0,False
2024-09-18,0,0.020937291974474137,0.0,False
2024-09-19,0,0.004012038411551844,0.0,False
2024-09-20,0,0.003194394254405042,0.0,False
2024-09-21,0,0.004004601863112578,0.0,False
2024-09-22,0,-0.005010473135318549,-0.0,True
2024-09-23,0,0.01535087678718594,0.0,False
2024-09-24,0,-0.018021597802944433,-0.0,True
2024-09-25,0,0.032273891570151925,0.0,False
2024-09-26,0,0.00935309904070647,0.0,False
2024-09-27,0,0.0014741358273548943,0.0,False
2024-09-28,0,-0.003829909793174213,-0.0,True
2024-09-29,1,-0.035130555094979754,-0.035130555094979754,False
2024-09-30,0,-0.039357521968434894,-0.0,True
2024-10-01,1,-0.0033568819965540397,-0.0033568819965540397,False
2024-10-02,1,0.0020882627636797935,0.0020882627636797935,True
2024-10-03,0,0.021528753876634443,0.0,False
2024-10-04,0,0.0003620681473552878,0.0,False
2024-10-05,0,0.011741093613744757,0.0,False
2024-10-06,0,-0.009269383518558882,-0.0,True
2024-10-07,0,-0.001682150134457161,-0.0,True
2024-10-08,0,-0.024944762232405493,-0.0,True
2024-10-09,1,-0.005077433013489285,-0.005077433013489285,False
2024-10-10,0,0.036011743668549645,0.0,False
2024-10-11,0,0.011977460447594401,0.0,False
2024-10-12,0,-0.005406426515387475,-0.0,True
2024-10-13,1,0.050830232433260125,0.050830232433260125,True
2024-10-14,1,0.015064992457922477,0.015064992457922477,True
2024-10-15,1,0.008526251733136592,0.008526251733136592,True
2024-10-16,1,-0.0031485616380424464,-0.0031485616380424464,False
2024-10-17,1,0.015118035686984221,0.015118035686984221,True
2024-10-18,1,-0.0008192879217548965,-0.0008192879217548965,False
2024-10-19,1,0.009346740674458287,0.009346740674458287,True
2024-10-20,1,-0.023678423698328066,-0.023678423698328066,False
2024-10-21,1,-9.567341618454961e-05,-9.567341618454961e-05,False
2024-10-22,1,-0.01379441121005398,-0.01379441121005398,False
2024-10-23,1,0.02602442034118191,0.02602442034118191,True
2024-10-24,1,-0.022280180844656217,-0.022280180844656217,False
2024-10-25,1,0.00558625096700216,0.00558625096700216,True
2024-10-26,1,0.01364777618155344,0.01364777618155344,True
2024-10-27,1,0.029125296867722028,0.029125296867722028,True
2024-10-28,1,0.04023493905417541,0.04023493905417541,True
2024-10-29,1,-0.005238593875544262,-0.005238593875544262,False
2024-10-30,1,-0.029366396164960396,-0.029366396164960396,False
2024-10-31,1,-0.010435331387529279,-0.010435331387529279,False
2024-11-01,1,-0.0027804900426771084,-0.0027804900426771084,False
2024-11-02,1,-0.00791112711687536,-0.00791112711687536,False
2024-11-03,1,-0.013523338185854272,-0.013523338185854272,False
2024-11-04,1,0.02282879023690776,0.02282879023690776,True
2024-11-05,1,0.09053568676993895,0.09053568676993895,True
2024-11-06,1,0.003513808689745934,0.003513808689745934,True
2024-11-07,1,0.008439738809541852,0.008439738809541852,True
2024-11-08,1,0.0030490452928257916,0.0030490452928257916,True
2024-11-09,1,0.048129393514959595,0.048129393514959595,True
2024-11-10,1,0.10223522760015435,0.10223522760015435,True
2024-11-11,1,-0.008406532091926988,-0.008406532091926988,False
2024-11-12,1,0.029882636380625716,0.029882636380625716,True
2024-11-13,1,-0.03680261786927608,-0.03680261786927608,False
2024-11-14,1,0.04373133907381366,0.04373133907381366,True
2024-11-15,1,-0.005573223886622736,-0.005573223886622736,False
2024-11-16,1,-0.007869224693816235,-0.007869224693816235,False
2024-11-17,1,0.007755383808848215,0.007755383808848215,True
2024-11-18,1,0.019892819836786257,0.019892819836786257,True
2024-11-19,1,0.02161166598491282,0.02161166598491282,True
2024-11-20,1,0.044151545428309014,0.044151545428309014,True
2024-11-21,1,0.005004201495724558,0.005004201495724558,True
2024-11-22,1,-0.012327389984975179,-0.012327389984975179,False
2024-11-23,1,0.002419161787646784,0.002419161787646784,True
2024-11-24,1,-0.05011051933125821,-0.05011051933125821,False
2024-11-25,1,-0.011997304040733403,-0.011997304040733403,False
2024-11-26,1,0.04323745271515378,0.04323745271515378,True
2024-11-27,1,-0.0032310787967048116,-0.0032310787967048116,False
2024-11-28,1,0.018912786163713058,0.018912786163713058,True
2024-11-29,1,-0.010388394458550332,-0.010388394458550332,False
2024-11-30,1,0.008613193542348574,0.008613193542348574,True
2024-12-01,1,-0.01454037255458307,-0.01454037255458307,False
2024-12-02,1,0.0014276215513644441,0.0014276215513644441,True
2024-12-03,1,0.02881567529768403,0.02881567529768403,True
2024-12-04,1,-0.022020788503929523,-0.022020788503929523,False
2024-12-05,1,0.03444474217316973,0.03444474217316973,True
2024-12-06,1,2.627082989481444e-05,2.627082989481444e-05,True
2024-12-07,1,0.013136868131795154,0.013136868131795154,True
2024-12-08,1,-0.03756861480096407,-0.03756861480096407,False
2024-12-09,1,-0.007772430783165474,-0.007772430783165474,False
2024-12-10,1,0.04652269534294651,0.04652269534294651,True
2024-12-11,1,-0.011169293200355757,-0.011169293200355757,False
2024-12-12,1,0.014156490833941326,0.014156490833941326,True
2024-12-13,1,-0.0008504799301751742,-0.0008504799301751742,False
2024-12-14,1,0.02886101293644905,0.02886101293644905,True
2024-12-15,1,0.016596788984881483,0.016596788984881483,True
2024-12-16,1,0.001045771070669721,0.001045771070669721,True
2024-12-17,1,-0.057462106019896764,-0.057462106019896764,False
2024-12-18,1,-0.025495268879325628,-0.025495268879325628,False
2024-12-19,1,0.002717960528709318,0.002717960528709318,True
2024-12-20,1,-0.005433973434635808,-0.005433973434635808,False
2024-12-21,1,-0.021802983021374844,-0.021802983021374844,False
2024-12-22,1,-0.004402456102765462,-0.004402456102765462,False
2024-12-23,1,0.04213760595334648,0.04213760595334648,True
2024-12-24,1,0.0063146152104343045,0.0063146152104343045,True
2024-12-25,1,-0.03528406928650052,-0.03528406928650052,False
2024-12-26,1,-0.017022260795415023,-0.017022260795415023,False
2024-12-27,1,0.010609799867287384,0.010609799867287384,True
2024-12-28,1,-0.017167251608511402,-0.017167251608511402,False
2024-12-29,1,-0.00948373223930199,-0.00948373223930199,False
2024-12-30,1,0.008484077565384274,0.008484077565384274,True
2024-12-31,1,0.010602195613021781,0.010602195613021781,True
2025-01-01,1,0.026129247147606893,0.026129247147606893,True
2025-01-02,1,0.012597729955682757,0.012597729955682757,True
2025-01-03,1,0.0013128146911018934,0.0013128146911018934,True
2025-01-04,1,0.0008014800420892421,0.0008014800420892421,True
2025-01-05,1,0.03827621924594227,0.03827621924594227,True
2025-01-06,1,-0.05050430525956884,-0.05050430525956884,False
2025-01-07,1,-0.019388436629511285,-0.019388436629511285,False
2025-01-08,1,-0.026929603222076492,-0.026929603222076492,False
2025-01-09,1,0.023976181025154863,0.023976181025154863,True
2025-01-10,1,-0.001424047578467369,-0.001424047578467369,False
2025-01-11,1,-0.0008264678561502592,-0.0008264678561502592,False
2025-01-12,1,0.00029724205673309356,0.00029724205673309356,True
2025-01-13,1,0.021345722040169157,0.021345722040169157,True
2025-01-14,1,0.041129999632577796,0.041129999632577796,True
2025-01-15,1,-0.0074383335632930425,-0.0074383335632930425,False
2025-01-16,1,0.04716598568833419,0.04716598568833419,True
2025-01-17,1,-0.000516635042589142,-0.000516635042589142,False
2025-01-18,1,-0.03178356737719257,-0.03178356737719257,False
2025-01-19,1,0.009170622908047932,0.009170622908047932,True
2025-01-20,1,0.040479676535688514,0.040479676535688514,True
2025-01-21,1,-0.023488299826845638,-0.023488299826845638,False
2025-01-22,1,0.002962783076025932,0.002962783076025932,True
2025-01-23,1,0.008265785680243276,0.008265785680243276,True
2025-01-24,1,-0.0010001569662844156,-0.0010001569662844156,False
2025-01-25,1,-0.019406534499448846,-0.019406534499448846,False
2025-01-26,1,-0.005792734886665207,-0.005792734886665207,False
2025-01-27,1,-0.007397669160641884,-0.007397669160641884,False
2025-01-28,1,0.023395602825692086,0.023395602825692086,True
2025-01-29,1,0.009952379879751394,0.009952379879751394,True
2025-01-30,1,-0.022249243050878498,-0.022249243050878498,False
2025-01-31,1,-0.017080384621634526,-0.017080384621634526,False
2025-02-01,1,-0.02947596219670423,-0.02947596219670423,False
2025-02-02,1,0.03804365081173988,0.03804365081173988,True
2025-02-03,1,-0.034846278405663456,-0.034846278405663456,False
2025-02-04,1,-0.012836943218062724,-0.012836943218062724,False
2025-02-05,1,-0.00022924323774897726,-0.00022924323774897726,False
2025-02-06,1,-0.0006647556256734743,-0.0006647556256734743,False
2025-02-07,1,-0.00048309597099249757,-0.00048309597099249757,False
2025-02-08,1,0.00018283765004545316,0.00018283765004545316,True
2025-02-09,1,0.009714611676219231,0.009714611676219231,True
2025-02-10,1,-0.017345724709743937,-0.017345724709743937,False
2025-02-11,1,0.02233406885677658,0.02233406885677658,True
2025-02-12,1,-0.012892487184132717,-0.012892487184132717,False
2025-02-13,1,0.009160278803397981,0.009160278803397981,True
2025-02-14,1,0.0007320640697474623,0.0007320640697474623,True
2025-02-15,1,-0.014401672980240199,-0.014401672980240199,False
2025-02-16,1,-0.004176223623530095,-0.004176223623530095,False
2025-02-17,1,-0.0024415545387781457,-0.0024415545387781457,False
2025-02-18,1,0.011472343504350446,0.011472343504350446,True
2025-02-19,1,0.017574558032842136,0.017574558032842136,True
2025-02-20,1,-0.02245807176184722,-0.02245807176184722,False
2025-02-21,1,0.0047043783073406065,0.0047043783073406065,True
2025-02-22,1,-0.0031460239332733453,-0.0031460239332733453,False
2025-02-23,1,-0.05043681513571874,-0.05043681513571874,False
2025-02-24,1,-0.029337712021491935,-0.029337712021491935,False
2025-02-25,1,-0.04946290046952739,-0.04946290046952739,False
2025-02-26,1,0.004234922709094535,0.004234922709094535,True
2025-02-27,1,-0.003910297790814532,-0.003910297790814532,False
2025-02-28,1,0.019661575342751147,0.019661575342751147,True
2025-03-01,1,0.09550452979612856,0.09550452979612856,True
2025-03-02,1,-0.08682040111941614,-0.08682040111941614,False
2025-03-03,1,0.013437685575495406,0.013437685575495406,True
2025-03-04,0,0.03899657851208138,0.0,False
2025-03-05,1,-0.007303133084179958,-0.007303133084179958,False
2025-03-06,1,-0.0357824911826653,-0.0357824911826653,False
2025-03-07,1,-0.006779571257010009,-0.006779571257010009,False
2025-03-08,1,-0.0644603432710168,-0.0644603432710168,False
2025-03-09,1,-0.02567012890361897,-0.02567012890361897,False
2025-03-10,1,0.05513944554449135,0.05513944554449135,True
2025-03-11,1,0.010380466895202334,0.010380466895202334,True
2025-03-12,1,-0.0317197970748182,-0.0317197970748182,False
2025-03-13,1,0.03580259620308812,0.03580259620308812,True
2025-03-14,0,0.004454112352525463,0.0,False
2025-03-15,1,-0.020907717157540473,-0.020907717157540473,False
2025-03-16,1,0.018115835083536647,0.018115835083536647,True
2025-03-17,1,-0.016142449028442418,-0.016142449028442418,False
2025-03-18,1,0.049997601050550955,0.049997601050550955,True
2025-03-19,1,-0.030937253791171848,-0.030937253791171848,False
2025-03-20,1,-0.0014727011460912154,-0.0014727011460912154,False
2025-03-21,0,-0.0025077306278807887,-0.0,True
2025-03-22,1,0.026503933905394295,0.026503933905394295,True
2025-03-23,1,0.016786352378946434,0.016786352378946434,True
2025-03-24,1,-0.0003109860024155253,-0.0003109860024155253,False
2025-03-25,1,-0.00652577110204744,-0.00652577110204744,False
2025-03-26,1,0.003178549412391707,0.003178549412391707,True
2025-03-27,1,-0.032393289916566204,-0.032393289916566204,False
2025-03-28,1,-0.020812056603918605,-0.020812056603918605,False
2025-03-29,1,-0.0031848691098436133,-0.0031848691098436133,False
2025-03-30,1,0.0026038970780313253,0.0026038970780313253,True
2025-03-31,1,0.0317418810684309,0.0317418810684309,True
2025-04-01,1,-0.031507420800550134,-0.031507420800550134,False
2025-04-02,1,0.007481504135517403,0.007481504135517403,True
2025-04-03,0,0.008916382019940938,0.0,False
2025-04-04,1,-0.004043325726492686,-0.004043325726492686,False
2025-04-05,1,-0.06335339642726368,-0.06335339642726368,False
2025-04-06,1,0.013051950296130821,0.013051950296130821,True
2025-04-07,0,-0.03739976334343409,-0.0,True
2025-04-08,1,0.0826253916648998,0.0826253916648998,True
2025-04-09,1,-0.0356990599146636,-0.0356990599146636,False
2025-04-10,1,0.04745546227457886,0.04745546227457886,True
2025-04-11,0,0.022567917271733462,0.0,False
2025-04-12,1,-0.01878516957885823,-0.01878516957885823,False
2025-04-13,1,0.010245734631468162,0.010245734631468162,True
2025-04-14,1,-0.01033089354397465,-0.01033089354397465,False
2025-04-15,1,0.004360934564412222,0.004360934564412222,True
2025-04-16,1,0.01025637449930672,0.01025637449930672,True
2025-04-17,1,-0.005241078764249063,-0.005241078764249063,False
2025-04-18,1,0.007254038339443714,0.007254038339443714,True
2025-04-19,1,0.0013036230231544543,0.0013036230231544543,True
2025-04-20,1,0.027527099529631727,0.027527099529631727,True
2025-04-21,1,0.06767662701452015,0.06767662701452015,True
2025-04-22,1,0.0027527134594511615,0.0027527134594511615,True
2025-04-23,1,0.0026114175645013393,0.0026114175645013393,True
2025-04-24,1,0.008267742531563593,0.008267742531563593,True
2025-04-25,1,-0.0007767095032226168,-0.0007767095032226168,False
2025-04-26,1,-0.00942540809771053,-0.00942540809771053,False
2025-04-27,1,0.013054325526514532,0.013054325526514532,True
2025-04-28,1,-0.007306486319308303,-0.007306486319308303,False
2025-04-29,1,-0.0008217291810309613,-0.0008217291810309613,False
2025-04-30,1,0.02425526614507767,0.02425526614507767,True
2025-05-01,1,0.0043291974532626565,0.0043291974532626565,True
2025-05-02,1,-0.010507405827035687,-0.010507405827035687,False
2025-05-03,1,-0.016433317174712747,-0.016433317174712747,False
2025-05-04,1,0.0045811763897039,0.0045811763897039,True
2025-05-05,0,0.02168299794413664,0.0,False
2025-05-06,0,0.0023743581586117557,0.0,False
2025-05-07,1,0.06399043746457878,0.06399043746457878,True
2025-05-08,0,-0.002621130818400763,-0.0,True
2025-05-09,1,0.016756941758927724,0.016756941758927724,True
2025-05-10,0,-0.005635047193781384,-0.0,True
2025-05-11,1,-0.01242389281274392,-0.01242389281274392,False
2025-05-12,0,0.013197358248725033,0.0,False
2025-05-13,0,-0.006051642240404331,-0.0,True
2025-05-14,1,0.00198211052629782,0.00198211052629782,True
2025-05-15,0,-0.0024613470244020386,-0.0,True
2025-05-16,1,-0.0028814878109744146,-0.0028814878109744146,False
2025-05-17,1,0.03154266519659865,0.03154266519659865,True
2025-05-18,1,-0.007889709931436006,-0.007889709931436006,False
2025-05-19,1,0.011220046530480143,0.011220046530480143,True
2025-05-20,1,0.027034018449719976,0.027034018449719976,True
2025-05-21,1,0.018191448638679386,0.018191448638679386,True
2025-05-22,0,-0.03927066820202352,-0.0,True
2025-05-23,0,0.004691674073487251,0.0,False
2025-05-24,0,0.011543009819045436,0.0,False
2025-05-25,0,0.003714175371671846,0.0,False
2025-05-26,1,-0.004072780217708405,-0.004072780217708405,False
2025-05-27,1,-0.010939184653144474,-0.010939184653144474,False
2025-05-28,1,-0.020041963379443528,-0.020041963379443528,False
2025-05-29,0,-0.015554336978341854,-0.0,True
2025-05-30,1,0.006149348357177731,0.006149348357177731,True
